-- phpMyAdmin SQL Dump
-- version 5.2.1
-- https://www.phpmyadmin.net/
--
-- Servidor: 127.0.0.1
-- Tiempo de generación: 24-05-2023 a las 23:22:47
-- Versión del servidor: 10.4.28-MariaDB
-- Versión de PHP: 8.2.4

SET SQL_MODE = "NO_AUTO_VALUE_ON_ZERO";
START TRANSACTION;
SET time_zone = "+00:00";


/*!40101 SET @OLD_CHARACTER_SET_CLIENT=@@CHARACTER_SET_CLIENT */;
/*!40101 SET @OLD_CHARACTER_SET_RESULTS=@@CHARACTER_SET_RESULTS */;
/*!40101 SET @OLD_COLLATION_CONNECTION=@@COLLATION_CONNECTION */;
/*!40101 SET NAMES utf8mb4 */;

--
-- Base de datos: `koobing_app`
--

-- --------------------------------------------------------

--
-- Estructura de tabla para la tabla `autor`
--

CREATE TABLE `autor` (
  `id_autor` int(11) NOT NULL,
  `nom_autor` varchar(255) NOT NULL,
  `data_naix` date NOT NULL
) ENGINE=InnoDB DEFAULT CHARSET=utf8mb4 COLLATE=utf8mb4_general_ci;

--
-- Volcado de datos para la tabla `autor`
--

INSERT INTO `autor` (`id_autor`, `nom_autor`, `data_naix`) VALUES
(1, 'Gabriel Garcia Marquez', '1927-03-06'),
(2, 'Jorge Luis Borges', '1899-08-24'),
(3, 'Julio Cortázar', '1914-08-26'),
(4, 'Pablo Neruda', '1904-07-12'),
(5, 'Octavio Paz', '1914-03-31'),
(6, 'Mario Vargas Llosa', '1936-03-28'),
(7, 'Isabel Allende', '1942-08-02'),
(8, 'Gabo', '1949-02-18'),
(9, 'Alejo Carpentier', '1904-12-26'),
(10, 'Jose Marti', '1853-01-28'),
(12, 'Sameul', '2023-05-05'),
(13, 'Willy', '2023-05-10');

-- --------------------------------------------------------

--
-- Estructura de tabla para la tabla `editorial`
--

CREATE TABLE `editorial` (
  `id_editorial` int(11) NOT NULL,
  `nom_editorial` varchar(255) NOT NULL
) ENGINE=InnoDB DEFAULT CHARSET=utf8mb4 COLLATE=utf8mb4_general_ci;

--
-- Volcado de datos para la tabla `editorial`
--

INSERT INTO `editorial` (`id_editorial`, `nom_editorial`) VALUES
(1, 'Editorial Mirahadas'),
(3, 'Editorial Sexto Piso'),
(4, 'Editorial Pre-textos'),
(6, 'Editor Pujadas Farras');

-- --------------------------------------------------------

--
-- Estructura de tabla para la tabla `estat`
--

CREATE TABLE `estat` (
  `id_estat` int(11) NOT NULL,
  `nom_estat` varchar(100) NOT NULL
) ENGINE=InnoDB DEFAULT CHARSET=utf8mb4 COLLATE=utf8mb4_general_ci;

--
-- Volcado de datos para la tabla `estat`
--

INSERT INTO `estat` (`id_estat`, `nom_estat`) VALUES
(1, 'Resevat'),
(2, 'Cancelat'),
(3, 'Torant'),
(4, 'En Prèstec');

-- --------------------------------------------------------

--
-- Estructura de tabla para la tabla `genere`
--

CREATE TABLE `genere` (
  `id_genere` int(11) NOT NULL,
  `descrip` varchar(255) NOT NULL
) ENGINE=InnoDB DEFAULT CHARSET=utf8mb4 COLLATE=utf8mb4_general_ci;

--
-- Volcado de datos para la tabla `genere`
--

INSERT INTO `genere` (`id_genere`, `descrip`) VALUES
(1, 'Romantica'),
(2, 'Drama'),
(3, 'Comedia'),
(4, 'Aventura'),
(5, 'Infantil'),
(6, 'Ciencia Ficcio');

-- --------------------------------------------------------

--
-- Estructura de tabla para la tabla `idioma`
--

CREATE TABLE `idioma` (
  `id_idioma` int(11) NOT NULL,
  `nom_idioma` varchar(255) NOT NULL
) ENGINE=InnoDB DEFAULT CHARSET=utf8mb4 COLLATE=utf8mb4_general_ci;

--
-- Volcado de datos para la tabla `idioma`
--

INSERT INTO `idioma` (`id_idioma`, `nom_idioma`) VALUES
(1, 'Català'),
(2, 'Espanyol'),
(3, 'Anglès'),
(4, 'Alemàn'),
(10, 'Italià');

-- --------------------------------------------------------

--
-- Estructura de tabla para la tabla `llibre`
--

CREATE TABLE `llibre` (
  `ISBN` bigint(13) NOT NULL,
  `id_autor` int(11) NOT NULL,
  `id_editor` int(11) NOT NULL,
  `id_idioma` int(11) NOT NULL,
  `id_genere` int(11) NOT NULL,
  `titol` varchar(255) NOT NULL,
  `versio` int(11) NOT NULL,
  `data_publi` date NOT NULL,
  `stock` int(11) NOT NULL DEFAULT 10
) ENGINE=InnoDB DEFAULT CHARSET=utf8mb4 COLLATE=utf8mb4_general_ci;

--
-- Volcado de datos para la tabla `llibre`
--

INSERT INTO `llibre` (`ISBN`, `id_autor`, `id_editor`, `id_idioma`, `id_genere`, `titol`, `versio`, `data_publi`, `stock`) VALUES
(765434231123, 8, 3, 1, 5, '1984', 1, '2023-05-02', 10),
(9780807286005, 2, 3, 1, 1, 'Harry Potter y la piedra filosofal', 3, '2023-05-24', 4),
(9789510445365, 2, 3, 4, 2, 'Cien años de soledad', 1, '2023-05-16', 0),
(12312312312312, 2, 3, 1, 2, 'Les Tres Bassones', 1, '2023-05-10', 3),
(12376217637612, 10, 3, 2, 2, 'Camps de Meduixes', 1, '2023-05-11', 10);

-- --------------------------------------------------------

--
-- Estructura de tabla para la tabla `reserva`
--

CREATE TABLE `reserva` (
  `id_prestec` int(11) NOT NULL,
  `ISBN` bigint(13) NOT NULL,
  `id_usuari` int(11) NOT NULL,
  `id_treballador` int(11) NOT NULL,
  `data_inici` date NOT NULL,
  `data_fi` date NOT NULL,
  `id_estat` int(11) NOT NULL
) ENGINE=InnoDB DEFAULT CHARSET=utf8mb4 COLLATE=utf8mb4_general_ci;

--
-- Volcado de datos para la tabla `reserva`
--

INSERT INTO `reserva` (`id_prestec`, `ISBN`, `id_usuari`, `id_treballador`, `data_inici`, `data_fi`, `id_estat`) VALUES
(18, 9780807286005, 12, 1, '2023-05-24', '2023-05-29', 2),
(19, 9780807286005, 12, 1, '2023-05-24', '2023-05-29', 3);

--
-- Disparadores `reserva`
--
DELIMITER $$
CREATE TRIGGER `restar_stock_insert` AFTER INSERT ON `reserva` FOR EACH ROW BEGIN
  IF NEW.id_estat = 1 THEN
        UPDATE llibre SET stock = stock - 1 WHERE isbn = NEW.isbn;
    END IF;
        IF NEW.id_estat = 4 THEN
          UPDATE llibre SET stock = stock - 1 WHERE isbn = NEW.isbn;
    END IF;
END
$$
DELIMITER ;
DELIMITER $$
CREATE TRIGGER `sumar_stock_update` AFTER UPDATE ON `reserva` FOR EACH ROW BEGIN

  IF NEW.id_estat = 2 THEN
        UPDATE llibre SET stock = stock + 1 WHERE isbn = NEW.isbn;
    END IF;
        IF NEW.id_estat = 3 THEN
          UPDATE llibre SET stock = stock + 1 WHERE isbn = NEW.isbn;
    END IF;

END
$$
DELIMITER ;

-- --------------------------------------------------------

--
-- Estructura de tabla para la tabla `treballador`
--

CREATE TABLE `treballador` (
  `id_treballador` int(11) NOT NULL,
  `avatar` blob NOT NULL,
  `dni` varchar(9) NOT NULL,
  `nom` varchar(255) NOT NULL,
  `cognom` varchar(255) NOT NULL,
  `data_naix` date NOT NULL,
  `email` varchar(255) NOT NULL,
  `password` varchar(255) NOT NULL,
  `num_seg_social` varchar(9) NOT NULL,
  `isAdmin` tinyint(1) NOT NULL DEFAULT 0
) ENGINE=InnoDB DEFAULT CHARSET=utf8mb4 COLLATE=utf8mb4_general_ci;

--
-- Volcado de datos para la tabla `treballador`
--

INSERT INTO `treballador` (`id_treballador`, `avatar`, `dni`, `nom`, `cognom`, `data_naix`, `email`, `password`, `num_seg_social`, `isAdmin`) VALUES
(1, 0x89504e470d0a1a0a0000000d4948445200000200000002000806000000f478d4fa0000000473424954080808087c0864880000000970485973000025aa000025aa01a509e27f0000001974455874536f667477617265007777772e696e6b73636170652e6f72679bee3c1a000064704944415478daedbd77785555daf7ff0c3a5c3ae3385eeff83ee33b322aa2620745a54302a1a6924a08090102849072127a4f02845ea50402d2abf422bd2abd851e7a4f451de7f9a9f3e8e8fd5bf7f68409e19ce494bdf7d9e5fbc7e7ba6624679fb3efb5d6fdfdeeb5d7bad77f11d17f0100b44d4952dba705d504b504cd04618278c160c124c142c16ac126c176c13ec161c149c179c155c16d41a1e05bc1f7827f5bf9defadf0aad7f73d5fa9993d66becb35e7393f53b165abf73b0f53784597f532deb6f7c1a6d0680f6411000f0acb05715d410f808e204a3044b05bb05b982bb821f04a4337eb0fef65cebbd2cb5de5b9cf55ef99eaba20f00000300805105be8ae0158197a0b32043b04870c02a90bfe850dce5e2176b0c0e586392618d9197356655d08700800100400f62ffbc752a3c45304f705ca74fef5a9a45386e8d658a35b6cfa3af010003008027a7edf97d77b460bc609b201f82ad1af9d6988fb7b6412dbc4e000006000025049fdf57c708e608ce097e86086b8e9fad6d33c7da5635d07701800100c019b17f52f0b1c0625df15e0071d52d05d636b458dbf449f471006000002815fc6705ad0499823dd62d71104f63f2bdb58d33ad6dfe2cc600800100c05cabf2eb59579c1f35f92a7cb3f38bb50f6458fb04761d001800000c26fa2f083a09960bbe86f0013b7c6ded23dc575ec0d801300000e8f33d7e134196e094e057881b70925fad7d27cbda97b07e00c00000a051d1ffb3f5c96d8de03b08189099efac7d8bfbd89f31e6000c00009e15fd3f09a2041b05ff0b91022af1bfd63ec77def4f188b000600007544ff8f8208c15ac18f1023e0617eb4f645ee937fc41805300000c82bfa7c125e886015b6e9018d6f335c65edab381111c00000e0c676bdd6826582ff81b8009df13fd6bedb1adb0b010c00008e093f9f273fcc7a2e3d84041881dbd63e5d0d631cc00000f0a8e83f2108106c12fc1b82010ccabfad7d9cfbfa1318fb0006009859f8ab0b460aee431c80c9b86fedfbd5910b000c00308be8ff5e102ad881023d0048636087754cfc1e3902c00000230afff3d6f7a04548fa00d8a4c83a469e47ce003000c008c2ffba6096e0072478001ce207eb98791d3904c000003d0a7f23c13a9cb607805ba715f2186a849c026000801e56f3f3bbcc2348de00c8ca11ebd8c2ee0100030034579e3749701d891a0045b9611d6b283b0c6000804785ff59eba2a56f90980150956fac63ef59e422000300d47ee2ef2ff81a8918008ff2b5752c624600c000004585ff29412ab6f201a0c92d843c369f42ae023000404ee1af2a4840c53e0074516190c76a55e42e000300dc11fe2705713898c7181424f9d2cd9400ba6c6947675243e8a895b3822b9620ba2bfead38d917b132ce01443c769f442e033000c019e1e7a378a305d79048b5cd6d21dac7d24269634a04cd890fa5d19d036958477fead7be0d2507b7a0eefede14dbaa31b5f7ae4fa14d3ea994b0a675a9638b86d4cdd74bfa7cbf8836e27a7ed27527770ba66cf11d9f2787d357a96174c3128836d03ed7ac6319471203180050a9f87b09729138b543518a1f5dec1d4a7b52c369b910df29dd83698010f8d8d64d1c12752561733130b22d4d13e6e03763100a63a04d784c7b21c701180060ef64be3548949e27df1240077a47504e4218f5114fe0ed9bd5f7b8d0bb620c06b4ffcd18ac4b09a7cb30055a610d4e20043000a054f89f116409fe85e4e8190ac513fe91dee1b430319c0676f0d5a5e03b42623b1f9a151f42fb53c3a820d91f6def39fe651df3cf2007c20000730affef04b18202244475e185762785e02f4b0ea7e1d1fed4a17903430a7e454436af4fc33bfad3aaa430ba90da0efdc233145873c0ef901361008079c4bfa1e03812a0ba9ceb1d4a737b854a0bf3cc26f895d123a099f4bae0406a187622a80fe78286c88d3000c0d8c2ff926039129e7adcb404d2aa9470ea1dd61a42ef206c901609a3743515eb06548673c34bc8953000c078a7f4f5117c8f24a7c27efb647fda6609a7f4187f8af0aa0b517791f0a6752943c470574a18152661564025beb7e60a9c3a0803000c20feb5052790d894878bea4cead68ea25b348280cb4cd7b65e34372194f2302ba0169c336a2387c20000fdd6ed1f23f819c94c590ea4864a7be121d4cac3858a0677f0a575bd82291f7d4f697eb6e6109c2f0003007456cce70a1298b2ec490da3be1178b7ef292284199810d586eef7425f54982b2822040300b42ffccf097204bf226929b4852fa90dedb0849325b41544582b6b05bcead2d80eade96e22faa782fc6acd2dcf21d7c20000ed897fb0201f894aa172bcc9beb439254c2a6603d1d5e8eb0161044675684577935064484138c70423e7c200006d08ff0b82b5484c0a21097f38c5073487c8ea68f7c0f4185fc9b4a10f2b06e79c179083610080e7c43f40508264a40c67d242680016f7e996a8e60d6863773ff465e5e0dc13805c0c0300d415fe3f08b2918094e1be258066f70cc51e7e83d0d3b7299dee1580bead1c9c8bfe80dc0c03009417ff0f0579483acab0232d9cbaf97a41380d475d1a1ad682ee61c78052704efa10391a06002823fc5504fd043f21d9c8cfa5b4604a8f0e80501afd10a266f569530f2c1254889fac39aa0a72360c00904ffcab09f620c12850b637c59f16264518f6085e609b7ec13ed836a81c9cabaa2177c30000f7c53f4cf00d928afc9cea1d410941d8d66756da7bd7a70ddd311ba0109cb3c290c36100806bc2ff8c603e1289325bfb3eb7b49704004268729a7e427ddbf16c00b60c2a04e7b06790d3610080e3e25f537011c9437eee580268546c20840f3c428766f5e95002760a2804e7b29ac8ed3000a072f10f127c87a4213fc753c3a987bf37040fd89d0d98d70575031482735a10723c0c00b0bfca3f0b75fc15a8df9fec4bcb93c328c2bb1e440e544adf601f2ac00241a5ce13c8c22e011800f0a8f8ff45b01d09427e6ea50450468c3f840d3845b44f43ca45f120a5e05cf717e47e180088ff6f857d6e2129c8cfd1d41014f501ae1f2ed4b42e6d40cd00a5b885c24130006617ff58c18f4806f2b333350cabfc810c26e0135ad41526402138f7c5420b6000cc26fc550533910094617d4ab874221c040cc8c5b4186c135410ce8555a10d30006610ffbf0a0e61d02bc392c470081650841191ad30c6948373e25fa11130004616ffb7043731d89558e9df9666f50c85500165770884f860bc2907e7c6b7a015300046147f6fc1b718e4f25398ec47e3e3822150409de385fdbd293f09af04148273a437340306c048e21f8353fc94e1be2500a7f801d5e9daba09dd4944d120054f158c8176c0001841fcd331a095e1766a3bead7be2d040978848e3e0d280f670828493a34040640cf2bfd1761102b54d33f35902ca1ad2044c0c3270ad6a3d32818a4248bb0430006406fe2ff9c602f06af3214a404d0c00ebe1020a0191380990045e15cfa1cb40506400fe25f1d27f92947518a1f8dc4697e4063c4f834a47bbd303e153e51b03a34060640cbe25f475084c1aa10c9be34a57b08040768921ebe5e54948c990005e1dc5a075a0303a045f16f84637c95656e2f14f901daa67f30ea04a870ac7023680e0c8096c4bf85e07b0c4ee558658980c0005d30be631b8c5965e15cdb02da0303a005f10f14fc0b835239b6a6454827b3415c805e58dc1535021486736e20340806c093e21f29f819835139f60bf18ff0ae075101bae30b1c25ac349c7b23a14530009e10ff38c12f1884ca713e2d94a27c1a404c802ee113298f26602640613807c741936000d4147f8be0570c3ee5c84ff6a794e0961012a06b229bd5a72ba811a0349c8b2dd026180035c47f08069cf24cee86c37d803188f7f3a2e2242c0c548121d028180025c57f2c0699f27c918a15ffc0582c490cc3d85687b1d02a180088bf5edffb5b82f1de1f180e5ec87a3c3504631c26000600d3fec0668dff647fb284e0bd3f30263d039bd1bd14ec0cc0eb001800bd2df8c38052812978ef0f0cce84ae4118ebea81858130006e6ff5c36a7f35defb5b50e61798a43e8005eb0154dc1d802d8230002e17f9c13e7f15b86009a68e2d1a421c8029e0be9e67c14c808a7502502c0806c0e9f2bea8f0a702c5c9bed4bf7d5b08033015fd22dae0e440752b06a26c300c80c307fba0b6bf4a6c4ac1d43f30272b92f02a40e5b3037080100c40a547fae2543f95b89d1248b1ad9b400c80695f055cb3042217a87b8a208e128601b029fe75ac674d63a0a8c4b4ee58f50fcccd982e30002ac339be0e340f06a0acf85717146170a8c7f1b4500af3c211bf007c998a57012ac3b9be3ab40f0680c5ff39c1450c0a1517fe097a87b546f207409018d4820a92b020506538e73f0703606ef1af2ad88bc1a02e6b2da8f50f405916f7c22c8007e0dc5f1506c0bc0660110681badcb404524cab4648fa0094a143f30674190b023dc1221800738a7f3a3abffa4c8cc3c23f006c31b253007284674887013097f8c7a0d37b60e15fef500a6b8a857f00d8e3686a287285678881013087f87b0b7e4287579f0cf18483240f807d8675f443aef00cac09de3000c616ffb704dfa2b3abcfe9b4502478001c9905b08420677806d686b760008c29fe7f15dc4427f70ca3630391dc017080e19805f024ac117f850130de76bf43e8dc9ee15cef6014fd0100b3007ae19059b6079ac500cc44a7f61c13bab6435207c0a959001406f2303361008c21feb1e8cc9e23cfd28e22f0f40f800bb300c1c8219e25160640dfe2ffa1e0477464cf311507fe00e0da2c401466013c0c6bc7873000fa14ffbf086ea1137b8eaba941d4debb3e9239002e929bd20eb9c4b3b086fc0506405fe25f45b01d9dd7b3cc8c0f411207c00da6778301d000ac25556000f46300b2d0693dcb9d147fa9be39923800ae13dda211ddc749815a200b06401fe21f24f8151dd6b3ac4f0e43020740063625a33cb006604d098201d0b6f8d7147c87ceea790646b645f2064006fa85b7464ed106ac2d356100b429fecf082ea2937a9ecb967638f40700193983c5805a8135e6191800ed1980f9e89cda60512f4cff0320eb62c0eea809a021e6c300684bfcc3d029b543425073246d006424a66523ca4fc619011a220c06401be25f4df00d3aa43638968a53ff0050828d2961c831da8135a71a0c80e7f7fbef4167d40e9f76c7de7f0094201da7046a8d3d7aaf0fa07703d00f9d503b1426fb516cabc648d6002840fb66f5e97e0a4c80c6e80703e0b93aff3fa1036a879d9670246a001464a705af0134c64f7a3e2f40afe2ff07411e3a9fb618d52910491a000599d83508b9467bb016fd0106403d03908d4ea7b1e9ff245fead8a2219234d025d903ba5287e6daefbf9ddb34a1e2a436c839da231b06401df10f4067d31e4753b1f80fe893296931f460ff5c5a3a225117bf97c71a728e260980015056fc5f1094a0a3698fc58928fe0374b8b2be5b2815efcb910c40d19e399418dc52f3bf39a727ce06d028ac4d2fc000286700d6a29369932151be1014a02bfa74f0a3fc9dd992f89772707ea6e67f77523b1fe41cedb216064019f10f46e7d22605297ed21625880ad00b3d837ce8d6179f3e22fea58c498cd4fcefbf64c1d9001a261806405ef17f4e908f8ea54d0ea662fa1fe887ce6d9b50defa4936c59fb9be699ae617b46e480947eed12eac55cfc100c8670072d0a9b4cb6738fc07e8045ee97f72f968bbe25fca8aac146d2f5c8cc3e1401a270706401ef1f712fc8a0ea55dfab76f0b71019a27c2ab2eed9b3bac52f1971604eecda194b0d69abd97e4e016c83dda8635cb0b06c03df17f4a70059d49bbdc4ff1a708ef7a1018a06df1177d74c7ccc10e897f2947168fa4b0a67535793f61c2ccdc4df6470ed236ac5d4fc100b86e00c6a013699bfda928ff0bb42ffebb660d714afc4b9998d251b3f7f5552ab603ea80313000ae897f6dc1cfe840da86f724436480960fd0d93367a84be2cfdcdc329d625a6af3802baebd811ca47958c36ac3003827fe4f084ea0f3689fe1d1fe101aa04df1f7ae4ffbe60c7359fc4b59333e5593f797198357003a81b5ec091800c70d401f741a7d101fd00c620334f9e4bf7fde70b7c59f29d99b43691a5ce8cae7022007e9863e30008e89ff4b82efd16174500028d9575a8c04c1015a13ff03f3d26511ff524e2ccdd2e482c03c0b4e07d409ac692fc100546e0096a3b3e883339660080ed01491cd1bd0579f65c82afea54c49eda4b9fbdd69c13a001db11c06a062f16f884ea21f76620700d010b1ad9a485bf794107fe6f6d619d27768e99e5724c100e88c863000b6c5ff7782e3e820fa61492f1800a00de2037de8e29a898a897f295c4b404bf73dbd078e06d619ac71bf830178dc00c4a273e88b895ddb417c80c7e917e54fb7b64e575cfc4b99d9bf8b66ee3d033b01f4482c0cc0a3e2ff8ca0001d435ff40b6f0d01021e252b21820a77cf564dfca532c17be650df283f4ddc7f4a704be422fdc15af70c0cc07f0c40163a85fe8869d90822043cc6ec417154b22f4755f12fe5ca8629d4a9b5e70b0445f934402ed227593000bf897f75c1bfd021f4c5cd94008810f008e14debd2da09691e11feb27091212d6c0dbc25c6227292ee60cdab0e0390d4760d3a83fe38928a238081679e78f7e50cf7b8f8979233b8bbc763723c150b0175ca1a531b00eb51bfe8083a649b053b0080ca47e086b5a2f36b266846fc99e27d39343026d0a371d98e5a007ac6cb940640dc7815412e3a803ed990020300d463427247cadf99ad29f12fe5faa669d4b9ade7ea032c4b0c474ed22fac8155cc6800a2d1f8fa6565120c0050a7aceffa897d3429fc65f9727ebac7ca62e7f4c40c80ce893695011037fca4e01a1a5ebf2cec85638081b224b46b41b92bc66a5efc4b5990ded333c580ba072327e91bd6c227cd6400e2d0e8fa6676cf10881450747fffbded337523fea5a7060eedac7e712c2ec8859ca47be24c6100c48d5615dc4683eb9b69dd7010105066cafff371165d097f596e7df12975f5f352d72cc5062227e91fd6c4aa66300009686cfd33ae4b10040bc88a25a20d9d5e3146b7e25f0a1f4814a1e27a80f4683fe4246390606803206ef029c17d34b4fec98cf18768015988f0ae470b3312a412bb7a17ff52968d4a522d7e0323918f0c026be353463600a968646330b8832fc40bb84d9a10af33abc61946f81fae07d89743237aa8532c2b2dac157292714835a4011037f64741111ad818f40ec34140c08d77fddef56949662215edcd319cf89752b02b9b06442b5f323b31a805729271608dfca3110d407f34ae71e8d5ce0742065c3bbeb7831f9d5f3dc1b0c25f16dec990d6beada2f1ece6eb859c642cfa1bca00881b7a56f0351ad63874f56d0a31034ed1c1a701adc84a96b6cb9941fc1fee0cd83a9d12435a2a16d74ead1a2327190bd6ca678d640086a1518d45e7364d206ac021f8c43c2ee57b6df35453097f59f8de7b04345724bed12d1a2127198f61863000d677ffdfa041610080f918d031804e2e1f6d5ae12f4bdefa49d4a5ad170c0070846fd4580ba08601484263c2000073c14fbbdb670e82f097e3cce7e3a853ebc63000c01192746d00c40d3c21b88186840100e6a0638b86b474442215ee990dc1b7c389a55914e5d300060054066be7137a3600a168441800607cc29bd6a529a99de8e6179f42e41de0e0824ca9ec310c00a884503d1b802368406312d9ac01840f4855fc26a574a48b6b2742d89d64cf9ca1b2940ce636404e322c47746900c40f6f84c6332e614deb41004d5ec8675aef58babc710ac4dc0db67e3a80c2dc36017591938c4d233d1a80756838e3c253be104273eee5cf1ed895ae6f9a06019789b5e3d3dcdb6609036074d6e9ca00881ffcbae017341c0c0030cee2be9c21dda5e36e21daf2b37464a25bed839c6468584b5fd79301988546830100faa77b40335a9cd98bee6c9b09a1561836583000c00eb3746100c40f7d5ef0031acce86b0060008cbca23fb37b18edcb196ebab2bd9e868f4586010036604d7d5e0f0600657f4d006f3d82581a8b6e7edeb420bda7a94bf66a812d53fb3b6db09193501ed8e30640fcc0dfe3c85fd401003aaad3ef5597d2bb854a5bd28af7e1695faf6b0290934c7354f0efb56c0050f8070600e880d488b6b478442fba8a6d7c9a2525ac350c0050b43090dc0660071a0806e091f7c95ea817a0157ab7f7959e2cf9501a08acf6d93f6f380c0028cf0e4d1a00f1c3aa0b7e4503c100943d09eedef699b463e660a95a9c1227a1b94a70e38f29a8e147e4dfa00ef9d6fb90dad4ad4d2d3fae453e1fbd4fde1fbe47de75de93fe37ffb7d6e2dfdad6fb80fcea7f48010deb50bb461f5348637d1cc3db37ca8f968f4aa6cb1b261b5628f37765d3f52d9fd245616c4ead1c4b87168fa23df3d269ebacc1b47e6a7f5a3e2e4d904a6b27f7a3cd3306d28ed94369df6719d2df9d583e86ceac1e4f791ba6d08d2fa6d3bd1db3a868ef1ccddc5bff8efe3000a02cacb1d5b5680046a2716000cab26feeb0479259c9be1ce968585e68d627d2d7a59d042142b8038570b360371702ddb8f63b54efbdb7a8ce5b6fd0076fbe4eb505efbdf11abdf3faabf4668deaf4c6abafd06bafbc4cd55f7e895efe7b35fa7bb517e96f7ffb9b2cbc28a8fed2dfe98deaafd0bbafd790bebfeebb6f52e35aef50f33aef53eb4f6a53803018aa96e6f5aa2b19af155929ba9fde6751de3167282d13e23d7d7077ca488ca4e4e8008a0a68466d44dff9e48377a98688bd5ced599697445fe16bbf27fa5513d1d7fc9b37a0e8401f4a12b11dda338226f6ed4c73337bd19ac97d6957ce70c9485cdb328d8a65de3571707e260c0028cf484d1900eba97ff7d1303000a55822da549adc6e6e994e9ba6f4a3d13ddb53944f43e909bb95104d7e026f54eb6dfae49d9a92a0b398bf5efd657a4588ed8b0a247ba5a9f6e28bf49af8fdefbd51833e16f7c4a6856716d8c8c851079e9f12e70eed4e07c453effd9dd9ba117816cb736b26d217330753f6b0781ad4235c12d9a6753fa05745bcfea6c3b6fe7bb56af4a130a4bea25de2c25a4b6661e6d01ed24cc4e125a3e8d6d6e94ec76980303d3000a00cf7e53a25502e031080468101280b9737b595cc8e8b27a585a39268544a34c5b76f4b7ecdea53ed77dea4175f7c5197095f0ec178dd6a0e3e79f74d6a229e6ad904d933077c821c3fe1cf13a2f2e5fc74cad7b8e017ee9943b99f8fa70dd306484ff1fde34228d2cf9b1a0903f4b23074666cf39aafbd4a5ef53ea0f67e5e94161b44e3fbc4d292d129746cd968dbe7054c1f080300ca13a02503b0090d020350b65e3cbffb2f9fc80e2d1aa9db273bcf988317e91d610cbc3ea945d1fecd68a2108a238b4769ea1d75d9a7f9932bc64aefda472445514c900fd5aff39e34958eb6748c575e7e89f6cfcfb061a266536cab263000a02c9b346100c40fa926f8371a0406a0145ef0674b24e6a4f7f47892e55708fc2ae155916c796d00f37af557a4f7f8bc6680795b3ca1bd23e0f7fafc645eabe66b12ef8bffcdaf23de127f53d3bab680afc3d77b493cc9bfa8a250346b50877a44b4a509c214ac9fd65f5a00a7e6bbf98d9f0ea049fdba48b3383e8d3ea2eaafa863ecd850bcff764de9fd3fbf9b6fd1e863691629a45563ea204c52979096525c78fa3db65d0b69bd4078dba6d2bf07f834a4b65e75a965e38fc9abfe87d4f893da54efc3f7e8a3f7dfa65aefd4d48439e559125b31e70398600040195873ab69c100a0f21f0cc0231c5b9a653389cd1ada43f1045aebed37a8b510a40091e8039ad6253f2110bc8adf5724fca0461f29be088f17fdf1e23fde45d040084b1df17bd848b0c950fa69f84d614e580c533b0549b1e677eb67d74c7069c6409aba5f354e127a7e87dda7733005346f406fbff19aa2f7f09a30562cd2ddc2dbd090f808fa7450375a39214d5ab57f69fd64d917d99587dfd1f36b2ade41b0282b59323903e242a96b682b6adef023aa564dd9575593fb77b1f9bbceaf9e00030064af0ce8aef85711dc4643c000949212dada6e729d36284ef68459573c09a6c4044aef50f9c9d4d6f7f2ee035e7098bb62acb43361c3e4beb4282381a6f78da58996681ad32b9246f408a3615d82a50557bc4381efa367900fc5f97a4bd3af5d7dbda89778baecd3c18f86c6065356cf0869a663a648d8f387c5d30a2116eb27f6a16d3306d2feb9e9746cc9283abb6a3c5ddd34557a1d5262adb2c7efc3178c4c92449a9fe2790d801a4fcdfca41bdea6a9f4bd2c6a6c10ca3249dc07ff5b9868d74f6abfa3cad47d9df7df92d603f0ea7e7e75705a188e128d5723e4ad826c487a776e27ad63903b263ca3e3ca6240e42453c2da5bc59306a0351a0106a02cabc65aec26b0c9fdbbca962859d0160bd12fd179f9dabb3b66d2b6ec213436ad933485fdce9baf1bf61df7eb35aa53c7c0e6d28a7f5efd6f841a04eba6f493762dc815a331a93176bf8b77ccc0008072b4f6a401588606800128bb42bda2636379b5b3db5beaaabd283dadf214b5510bdbf0def7c4287f4930f52efabc256e708f70c9e418b5cdf8b504bfbb97633667a49df5334cc1ae6cbb877021279996651e3100e28b9f16fc0f1a0006a094f1c9511526cad1e2e9c69de4c8dbc6b8aa9b594ac17255baf9231329a845435d6d93e4d707bcf88e9f8e8b4d749cf0ea497da4059aeec42ebd576485dfc1afad6000401958839ff684010841f06100ca7278416685c96b843008eeac7ce7456d66ad0bcf8bf9f8e950cbaf0878011fff465eac67d676e232c3eeec26e0c241155d9fd7b1c00080728478c200ac42e061004a896dd3944a2a79da1b9ed05eb12723b3c08b0af93dbad6c49fb7dd9959f8e59ae91ad02db4d2ebf362541800508655aa1a00f1857f147c8fc0c3003c9cfe4f8aaa3471f1bb605792e207efbe294d87435cfec3bccc5ef4c66baf7a5cf87931e6f6ec216893b2efea77cf967652b812cfbe5d822bbd7ef6803818005016d6e23faa69002210741880b20988b7bf557ab2595c884b4991b7f841586cbf16e0e2369e12ff861fbd4f791bf0d46f8b55137abb14534b4c60a5d7feeab30c1800509e08350dc05a041c06a0ec097477b6cfa834717131196713223f4941502a3e0a57ce6d68107ff9e04a83cec6954f1bacecba457be650c7160d61004059d6aa6200c417fd49f023020e03509a7c06760a7228210e72e1158023ef44cd0e9f32a7b601e0d3ed10fb8ac94cece0745cb9c09023d71e151f010300cac29afc27350c4014820dca1a80e523931c5bc0b6791a45b4f572aacadceeb9c321260ea0e62c009f6667e43a0c9e30665c4320b8656387cf74d830a90f0c00284f941a066023020dca1a80739f8f772a31727d7787eafabf5353f795fed4826bd5ab6500d8c421e68ec127223a12d3897d3b3b75ddebc24c8735ad0b0300cab251510320bee0cf82ff45a041a901880f6ceefc563691bc1c9905488e0e8088380817de51cb00706122c4dc311cd9f9c2d52d5dd94299d6be2d0c00280b6bf39f9534009d106450d6007cdaa7b34b89911791559618670f8f87883848a08abb01f8385dc4dc31968cb1541acf8f6bb9b6d0f5b361f13000a03c9d9434006b106050d6006c9edacfa5e4d5decfabd2c4b8675e3a44c4417c1a7de49488f33b679e9e6e208c98b327fff1ea76c4dc318e2cc9aa349efceedf956b1f5c90090300cab3461103202efca4e03b0418943500b92bc7b994bc2aab09c0b5ef6f6f9b011171904f3e78d7e1c379f838e05b6562cbaf64a60ce8eaf042c2daefbc89983b082f96accc6039b2f7df16b7b64d870100e5618d7e520903d004c105650d407beffa54e4e2612f338674c7fe7f99e085927c505265c2cd270c56b47a9fffad7b441b87de59631780e334a95b713d003eddd2d56bc7f97ac30080f23451c2006421b0a0ac01e04548ae26ae0dd3065498143bf837837838082f2073a4c08c233b2af86f06c485567abd5c27777e98992e212d2b8ce5e713fbb87cedf4b8101800509e2c250cc02904169435009353635c4e5c27968f41012099e05a0915c53221d2d7e9ed9495bda2d93a6b3062ef20951d827568d14897af9d33a43b0c0028cf29590d80b8e00b825f115850d600ac1e97e65609db8aceb81f9d1a0df17090c5a353ecc6f1ad376a3cf2bedf51ee6c9f49efbdf586ddebf2614488bd634ceedfb5420370cb8db52edb3e1d080300cac35afd829c0600dbffc06306e0881b4f2eccfb6fd7b49b14798d00c4c331c6a675b21b47fe3757afcb0b03ed5d778403a73f02eb76bd118915565574e7da5c840b0600b8ba1dd05103b01c010565e9dad68beeefcc762b79b51689cb5e625c8c13001d262526d06e1cf9c44077d616d89ba5e919e98bd83bc89ac97dedb68f77fd0fddba76f1be1c6adfac3e721228cf72590c80b85015c1d70828284bbf0eee0b40970acad7ae9f86c3661ca55dcb463663e855ef03b7afcd457f6c5ddbd7bb1e62ef203be70cb3dbcf3bba5049f3b18a80116d9093407958b3abc86100ea2198a03c236558a437b46784ddc4b81745801cde02c8d3c8b66298de2bd2edeb8f4e8db179ed57abbf4c457bb115d0118e57b0e0b57f9cfbe3684ccff6c849c016f5e4300019082428cf341916e9650f8bb79b188f2ecd827838c0a99563edc6f0a09b6b342a13af43325cdf0cf0097ff662c8eb2cdcbdfef43e9d9093802d32e43000471148509e0543bab99db82aaa057010e2e2108bb292152fa4c4a57f715683eb70cd04256a0094b260680fe424608ba36e190071816705bf2090a03c6b4727bb9db82aaa058073001cddaf6fbb68cfa01ee1b27d474662a4dde2426803f7ce0390631665cd9864e424600bd6ee67dd3100ad1044608b9dd3fab99db82aaa05b02d7b08c4c301fcbceb2bbe868245cae622433757b09b85fdf33314a901f0b01680188bc849c00eaddc3100990820b0c59179c365498ef66a01601740e5f0223c5e8c67ebc01f672bff55465d1b870df18982f776cc425b54c276616695a801f0f054c0b9c39193803d32dd31007b1040608b8b2b46cb92bcecd5025835a137c4a3120e2f196533767dbb04cbfe5d837b84dbfcae1d7386a22d5c5cebe22dd30c4aeeb251c849c01e7b5c3200d6e37fbf4700812d6e6d9828cf4129766a01cc1f9908f1a8ac0e7c4682cdd86d57e0f5c9becf32643fc9ce2c2c1b97aa580d0026eff371c849c01edf57743c704506e063040fd8e3da6a794e83cbb244a3d4ac8b746ae7f358dcb87e7ff1de1c45be8f5f2d94ffbe90568dd1169530aeb7ed52cd7c48902ca741c200808af9d815036041e0803d4e2fca942579ad9ed4c76672ec1ada0ae251017777cca4eaaf3cfefe3f395ab995f9fdba3e7e42e04b7faf4657374f439b544052477f9b7d7ce9588b2cd73fb1301339095484c51503b01a8103f6d8376ba02cc98b6bd5db4a8e2d1a7d0cf1a88025764e00dc326390ea256db9a013dac43e01cd1bd88c1b6f8395e5f5ccacc1c849a02256bb62000a1038608f4de353654b90b64ad9be51a33ac4a302a2031f9ffeffb8d63b8a4dff97d2e0a3f71ffbdee096780d50111fbcfba6cd52ca72b5d5c609bd9193404514386500c4076a2068a02296a6cbf7d4e76fe709e9cac6a910101bdcde36835e79f9a5c7e2355a86f2cc95c18bfe6c6d07bcba096de54cad0b3e6449b645869909c849a0326a3863006210305011b3fa76922d81f5e91c6cbb18d0acc110111b2c1c9564f35d7cde86c98a7ff7b52dd3e8e597fe8ed7008eeed1b7534449ce2a8ad9c2942127814a8871c600cc41c040458ced19215b029b93ded36692e41d021091c789f4f37e2c5631413eaa7d7f5c58ebc7be9f8f2446db3cceb4417136fbf6f4c1dd65fb8ef18991c849a032e6386300ce2160a02206c704ca96c0be5a38c26692c416b3c7e1d2b1b69ec0377e3ac0a395edf01ac0366ccc6cf5eddd7387cbf61dc33b07232781ca38e79001107f5855f03302062a2229a4a56c098c1743bdf9fae30b016b547f850af7e0ccf9b27c3622f1f193ff3e7857f6d2bf95d1e8e35a780d5009dc26efd47cedb138bdf6aabcfd3a2da20d7212a80cd6f4aa8e18805a0816a88cae6dbda848c62466ef49692f4e057c44505ad9289d3c36ad93eabf65b28dc5807c3890d2bb108c50aa39bc6d5359bfa79b9f37721270845a8e188068040a5446e7364d649df29d31a4bbcd6439a14f2cc4a482bdffbcf8eff2c629aaff96eb5b3eb5b91381cb13a3ad7ee3d341dd142f9f9cbf6b16756ad51839093842b42306603c02051c3100a7968d912d919d5c31d666b28c68eb0531b16e27fbe8fdb73555313121d2f7b1dff3fedb6fd09ded33d166766a353087168f92ed3bf2d64fa6581800e018e31d3100db1028e08801d8354bde43676c154ce1275c7eda443df9c7ebc9f362c0dc55e33cf69bceaf9d68b31c717aaf48d46ad836c3666cde79f37559d76b1c5c900903001c659b2306201f81028e188079437ac89a34e3dbb745a9591bf0ab96376c544b1cd83dcce3bf8dc5befcef62e1637360e636e3d32c6df5e52e322e9e65968aef8101000e925fa101107ff03c82041c35004363e53d777ec1c8249b49d3af597d538b892526f0f127c99aaf495b023dfddb78ba9fa7fdcbff3eae1560e636e35757b6faf2ece13d65fd9e913d22600080333c5f910168860001470d40748b46b24e67b298d87ad2e552aae7d698f38992df17f31efbf231e145935af98dbcf0cf569bf1e141a69cb1d93c4d7a7565abfeffcdadd365fdaeae7e5e14dbba097212709466151980140408386a00429b7c4217564f9035a1f5ed62bb2c30bf033763d19f7a1fbef7582c780fbe96ea23f0d63feffa1f3ef63b794d8719cf739839b487cd3e2cf751cdfc6a88c7200c007082948a0cc03c0408386300364fed276b52e3dd00b60e4f695af703d3edf96fef677b1a799dcc319783adb306dbfcad013e0d4d57cc895f59d98a05d70590f5786611731800e024f32a3200c71120e08c0198de57fe7dfa61e2dab612e8e713fb98464432133bd88c41a848f65afdcd1dfc9bd9fccd3cab639676632364cbc0b21192fbbbe60cea0603009ce5b84d0320fea18ae0070408386300fa44faca9ed8d64eee675348de7beb0de9fdaad145c456953de6ed375ea333abc76bf6775f5837496a235bbf7d445294f15fd96c9d4e75de7fcbe6fd2f1f9726fbf70dec140403009c8535be8a2d03f00a82039c3500ed9bd5a7c23db3657fa7ccf5ed6d25d2d8762d4c29febca86cab0e8e47e6857fb60e2b328309e811617b1b6bed77de94fd3548f1be1c8af2690003005ce1155b06c00b8101ce1a00e6f8922c55cebc7f2824c9510615ffae76ef99cbcaeae53e78ab9bbdfbe0571b466c3b3e8fc1de3df371d7727fdf9955e31e8e3f1800e0245eb60c40670406b862003e1f6751662fb5af97dda4cafbcc0b76cf368478dcdf398b7a75f0b37baf8951febabba7b4d820bbf7c3c5708c522e98fb604f1b25914b096ea9cc91d6eb27f6810100aed2d99601c84060802b06609c4253bb17d74fb2799c6a296d9ad6d5fd36b3d3e249cecbc616bab2af3cf4b88a9e5fe3d89b122fddca786cd9685db7ddb52dd3c8bf7903bbf7c8475c2bb566634a5accc3f1c7631139093841862d03b0088101ae18800405dfcb7fb92093dea851dd6e92e5daeaa352a275775e000b244f95db2a7c54f649b968af7eb7d0f13d5634b3f1daabafd0aca13d74778f5ccc674c6a8cdd058fa5f7a6e451d696f0d63000c05516d93200071018e08a0108134fe2b7b72a57967657cef00a6702981ad55fa17e5d4374513170cb8c41153ef597bee2d0b3f897ad67c005702abad726756bd3fa69fd357f2f3c2335a05b28bd5e81212d7df2dfa6e082cdfb3bb3295c8c391800e022076c1980bb080c70c500305f289cc0f3364ca190568d2b4cbca5abe5f9c999cbd39e583e465342b83d7b4885eb1a4a4be80e4f682f3d3d1ba9a8113f31db2a695c16aeffc03b1db474efa7568ea57999bd244366abbcafadfdfebc1d52d19d16d602403000c045ee3e6200c47fa82af8058101ae1a8051f111aa08c9a4fe5dec6e33b3f98aa0e66b1415d08c26f489956612d45e38c8af30f8d43e5b471ddb7a725c37a59f2157c997ce7cf02b9bcae2c0870bf16c8e9253e8b6e0b5167bc4774eead785a2037de8ddb75e77b89fb139182d4c8e1ae685d7dcc000003760adaf5ad600d44050803b06a0834f03cadf99ad4aa23eb8682435fce87d87937359d83c7c5ceb1d6ad9f8638af4f39656d80f134fdcbcff7ef1e81449a4b864eba5f593a5295f7ea590fbf97869b11ecf281c5992251dd0f3d5c211b47f7e8624526c2c76cc1e4a6b26f795c483a7bcf949f0fdb76b3afcbb7cbdeb69bac88f9cc582022a5838676b8d0797d6e5766213c7d52079268563ceb1e736e0b6e036e1b6392eda88db8adb8cdb8edb90db92dbf48b9983698968e32903bad2f084484aeae82f552f6c25faef27b5df71ca5896856b56ec51c9ac140993c287703d6a009a22270167a951d600f82020c01d03c0ec54b1500d6f9de345742d1a7dec52d2d60a6c46968cb1185ef8cbb3627c9a24ba7a6e3baf7a1f48a732aab9a571ffdcf4c7c61d0c0070019fb206200e0101ee1a80711eaaf476607ea6789a0b901602ea453cb83adc78f1446b945a06aeeea1e7e2471fbef7966edaadfa2b2f4bfbfef7a8fc7ac2d6f63f1800e00671650dc02804043843179174ca27229e9a2cf4a0a0712d767e22e3e9f7b7dea8a139f1e029e64eed7c68fdd4fe8658e12fe776c18d9f0e90166fba3a0daf24bc36835f434c1b14276d01f4d8624a11a7ce36c65d97b63000c069469535004b1110e00c312d1b3d9688987d7387694658f2364c96dee973e2e6f7f27edef5a564ae9670f08a7edee2c655f1f83018bdd52af0d41efb9513d2a4130479aba4ad93f594a2e66baf4a6b31783689d7096c9e3150da7da295d81c593cd2e698432540e0024bcb1a80dd08087086f65ef56c26a3c9a9319a17194eea6c0ce68f4ca4ec61f1d202c0d1a9d1d2f6bb0171a19412132855b1e3a7f570f17415e8d3505a28d6b4ee07d27b6b9ebe6ff0d1fb92a1e818d85c5a4c36b46784b44381afc94ff8fb3ecb30c5c9854a73e38be9d242bf7553fb49b1e55706bc6893459a57ea731bf082506e136e1b6e236e2b5e68c86dc76dc86dc906b07f5c88d4c6dcd67c1d6e7bbee6a6e903a585825a8f45f6c0ae36c75c64b3fac849c05976973500b90808708608afba769f46f8a432881700329f3618d0dce69863338e9c049c24b7ac01401120e09c01f0b63d03c01c5c9089840d809c6746ac186377bc610600b85a0ca8d400fc80800067886adec06e421a9f1c85a40d808c4cef1b6b77bc45b768889c049ce507c90088fff13482019c5e0428928ebd84d45e3c91dcfc020bde0090837bdb6752948f7dc3ddb95563e424e00a4fb301a886400067e9dabab1dd84c42c4c4f40f2064006568db15438d6bafb621b2070896a6c006a2110c0597af87a559894bafa7951d15e2c0604c0ddf32f7a06f95438d692029a21270157a8c506a01902019c2539c0bbc2a4c46c9b3110491c0037d89733bcd271d63bb80572127085666c00c21008e02c7d45d2a92c310de81880240e801b0cef1a5ce9381b14de123909b842181b8078040238cb88f6ad2a4d4c4ceecab148e400b87272e2ea0914d6b46ea5632c33b23572127085783600831108e02c53637c1d32007aa80c088026b7fef5ebecd0189bd8b10d72127085c16c00262110c0591677f177283945366f40b7b7ce404207c0c9ad7f1d2bd86a5b96f99dfd9093802b4c6203b0108100ceb2a387630680f96c583c923a004eb038b397c3e36b7b7c0072127085856c00562310c0592e24f83a9ca07816e0eac62948ec00387200d296691516fe29cff5647fe424e00aabd9006c422080b3140b429b7ee270921a9784f2c0003802af9b71745c858931887c045c64131b80ed080470053e84c4f14455974e2ccd428207a00272578ca530afba0e8fab8e3e380700b8cc763600fb1008e00addda34713851497501a25117c053f011cd77b6cda4cb1ba7d09955e3e8c8a291b43b7b28ed9e35848e2c1e49b92bc7d1e50d93a5bfc171ce9e63706c9053632a1e658081ebec630370188100aed03fd8c7a964252d589a3908895e2178b7c5e10599b47a6c2a4d498ba17e51fed4d5d78b3a346fe8743b75f069405dda7a519f0e7ed29434d7a33f383f936ee19027c5d83367a8d3ed34380c550081cb1c660370128100ae30b9631ba713567c60732adc331b095f861af127978fa6f9c3e2a56a717cf682b36de12a9ddb34a5a1b1c1346f480f3ab6641495e0cc07b729da3387121ca8ae599e4f637c918b80ab9c6403701e8100aeb036cecf250159362a0949df050a77cfa6bdb387494ff76a0a7ea586a06d139a94d29176cd1a42f9bb66a1ad5c39f16facc5a5d8afef812d80c065ceb301b88a400057389fe09a01e8d8b211a6929d80a7de47c6874bd3f25a117d7bb46f569fd2bb854a87d8a0ed1c83d75d74aae4786d7b5ce8852240c065aeb201b88d400057096d52d7a5c435ad4f2c927f4553fc7b7368c7ccc1d4bbbdafe645df1e96f0d6f4c5b4fe3816ba12660de8ea527cc3c4d8430e026e709b0d402102015ca54373d79e4ac39bd6a553cbc74000ca4ff3ef994deb27f5a684762d742bfce5e911d05c5a9898bf331b6d5c8e339f8fa308ef7a2ec5b543f3fac841c01d0ad9007c8b400057e9e9dbd42d61b8b56d3a84c0ca8179e9524c8c22fce5e9e6e74dbbb207a3adaddcdd31d32da3d7c3d70b3908b8c3b76c00be472080ab8ceed0da2d51e0d5e466df777e73cb74ca4a8830acf09767448f30babe799ae9777164760b732b8e23235b21070177f89e0dc0bf1108e02a1bbafbbb2d08b3077733ad106c9d3e90625b35318df89712d3aa116d9edacfb4edbe303dc1ed18aeef8e0580c02dfe0d0300dce25ea2af536702d8639b1042b31df8c24fc26613fef2a4c785d0b5cd534dd5f6fbe60e73aadcaf6dead29d24d40000ee1b00bc02006e11d5dcfded695cad8e4bd49a4100b64ceb2f3d019b5dfc4b896ed188364cea638ab6cf5b374996b6efd00c0b00813caf00b00810b8457240335984203ed047da136dd4e47f75d354698f3c44df36c3ba044be71118b5fd7917046f8d9423564981cd907b802c8b00b10d10b8c5a4e8b6b289c0f02e21862b2dcb0bbed68c4fa58e2d1a42e81d98095a919562c8f2c263133bc816a7a928010c64da06884240c02dbe4a08905504728674374cd23fbf7a82740a22c4dd39fa44fa4a27141aa51fac1c9d226b7cbe4a0844ee01b21402422960e0365ddbc85b9bfeb361f1ba3fdc65614682541a1782ee1a115e7569eed0eed219087aaff31fd6b4ae6c71e10a80c5c9980100f29402c66140c06dc67609925d0066f6ef224d9feb2de11f5b9a45c961ad20e232c1c5720e2d1ca1cfed7e1909b2c723ae4d13e41c20db6140380e18b8cdfa6465b6b44db644eba650d0bd1db36866bf2e326cf1028f3df58a27683e05512f8b44d9b8660fecaa482ce6756f879c03e4403a0ef8300201dce5526a9062c97f70a720babe49bb95e3b87e3fbfe38d6ddd0462ad7401a1968d694966a2a6cf15b8b575baa2bb3dcea5c200005938cc06601f0201e4a0879fb762492fb64d53a9808a96123dcf4c6c9cd28fbacbb40d12384e97b65eb476429ab4d6424b7de2f0824c8af3556e1cf4f0f746ae0172b18f0dc0760402c8c1b46ec18a4f03f314fbedad333c3ed5cfdbfa12835b428c3d4c7c908f34fb7267bb87fbc4f699d2ee95f0a6cabefe99de3d18b906c8c57636009b10082007bb53c35549fa1d5b36a2f9c3e2a5d3d4d44cf2b92bc6d2d4de9d28caa701c4576344366f20ad1739b54cdd23a6f377cd925e49746add5895fbdc9f1a865c03e462131b80d5080490e55c80147f6aefaddeb6372ea93abd5f67e9185d25b68af114ffb125a3a495dc7d3af8416875425a645bc9201e593c928a142828c4d73cb820535ae4d7b9ad7aeb3e3a08935390ec8f5c03e462351b80850804908b2151be1e49fa5c658f8f579dd1b70b2dceec45abc7a64a35f777670f95b6909d5e3186f2d64f92166895370b9cd07991e1a9e563685fce705a3d2e8d46f688906ad44350f54d69bf5835c6427b670f936608f8f0a1f2c680ff3fef30b8bc718a7426c5914523a53527db660ca4f513fbd08ad1c942f0e368647cb8b410d113f7921103f107b2b2900dc0240402c8c5e7c9e1ba10062ed0d3b94d53697121b6ed99735b21b73d2f26eca093573a6bc4d8428e013232890dc0600402c8c5354b90ac55cf0000bf19962b626c21c7001919cc06201e810072d2bf7d5b246d0064a45f786be4162037f16c00c2100820272b92c290b4019091e54958fd0f64278c0d40330402c8c915bc06f028fc6e3b21b885b473615897601a93102995d1cd19dc9d968e48a4b5e3d368dba70369ffbce112fcbff9bff1bff1dff0dff267f8b37c0dbe165f13b1f51c972ca8fe0764a7191b805a0804909b8191780da0065d7dbd28b37b182dca4890b6432a592489afcddfc1dfc5dfc9df8d3650e168e4f036c82940096ab101a8864000b95997128ee4adc0f1b87c2e021f91bb2b7b305ddd34d5e3a56ff937f06fe1dfc4bf2d023b2a6467757204720a50826a6c009e462080dcdc4e0950b528909149096d4d2bb292e9e6179f6afe143cfe8dfc5bf937a3ede4317d375303915380123cfd5f44c426e0070403c8cdc84e0148e26e0a3f4fb9ebe1f85b5bf06f871140f11fa0497e60ed2f350077111020377b52b11bc0d5a73eae64c8a588f52afe65cb29f3bde0d5806becb460f53f5084bb650d402e0202e4a628d997e2b050cc69f1df3163b0ee85bf3c7c4f3001ced1b94d132a4cf6432e014a905bd600ec46408012cc4d0845327782ec01718613ff52f8ded0c68e33273e14390428c5eeb2066029020294202fb51d6aed3bc1b1a5598635007c6f6863074bff8a317339157bff81622c2d6b004621204029d2a3fd91d41d64df9c618635007c6f68630717ff750a40ee004a32aaac018843408052ecc7624087e10a7c4635007c6f6863c7d8df1b27ff0145892b6b007c1010a02429c12d91d81d24674877c3893fdf13dad63112029b537132720650149fb206a00602029464232a033ac5b8a428babe699aee859fef81ef056dea38ab92f1f40f14a74659035055f00b820294a220c997bae04019a7e8d0bc212dcc4850b4bebf92e706f06fe77b405b3ad7e6775250fc07280a6b7dd5870600c580801a2c4ec45a005768dfac3e652544488be8b45c1c887f1bff46feadfc9bd176ce332b3e04b902a85204a8bc013880c00025b9951280274237e9d8a2a174e8ce9c41dda4e23a57364cf198e0f377f36fe0dfc2bf897f1bdac80da3e75d9fae5a82902b80d21cb065001621304069a6770f46b297bb625cdb2694de2d549a72df377718e5ad9b244dc1cb315bc0d7e06bf135f9dafc1dfc5dfc9d88bdbc4cee168c1c01d460912d039081c000a5b9644161203589f2694071bede941cd68afa77f4a7f4aea134b657244deb132badcc67f87ff37fe37fe3bfe1bfe5cff067114375086f5a972ea6c2000055c8b065003a2330400dc6760942d207a00c3c26901b804a74b66500bc1018a006172cc138180680d2b2bfe2e93f174fff403dbc6c1980571018a01653ba612d0000d2d37f673cfd035579c59601a822f801c1016a702525485af50c0100663ffe19effe818ab0c65779cc00584dc0710408a8c54cec080026670a56fe0375395e56f3cb1b80790810508b9ba80b004c5ee009fbfe81caccabc800a42040404de6f60c81180053921d1f8a1c00d426a52203d00c01026a723bc99f625a36822000d35574e41930e400a032cd2a3200cf2340406d562486421480a958921886b10f3cc1f3760d80d504e42348404d0a937ca957900f84019882f880665490ec8bb10fd426bfbcdedb3200db1028a036fb2c980500e660a7054fffc0236c73c4008c47a0802748efe80f8100862633c61f631d788af18e188068040a78aa44308a0301232ffcbb826d7fc073443b62006a2150c053e4f40c83580043f27912a6fe8147a9e58801a82af819c1029ee07eb23f75f3f582600043d127bc351527b5c118079e8235bd6aa506c06a02ce2160c053ec4e0d87680043d5fbcf4d0dc1d8069ee49c2dadb76700e62060c0934cecda0ee2010c414e4f54fc031e678e3306200601039ee46e4a00f5f0f3868000ddeff9cf4ff6c398069e26c61903500301039ee6abd4300a6b5a17420274cb81542cfc039aa086c306c06a020a1034e06966f4c091c1409f8cefd20e63186881027b3a5f9101588dc0014fc3d3a789412d20284057c4b66a4cb770d80fd006ab5d310016040e6881e3a921d24a6a080bd00bdb50ee1768078b2b06e063040e6885cf12502008e88329dd8231668196f8d81503f0a4e07b040f6881c2643f4a0b6b0981019a2639b8051524a3de3fd00cace14f3a6d00ac26600f0208b4c299549c1500b44b87e60de95c2a16fe014db1a7228dafcc00642280404b2c4fc2ab00a04d36a784638c02ad91e98e01688500022dc1f5d40746b685e0004d31210e4ffe4093b472c7003c2bf80541045ae2aa25883ab76902e1019a20a99d0fdd4f41b53fa03958bb9f75d900584dc0510412688d83a9a1148e2a81c0c34436af2fad4dc198041ae46865faee8801c84020811659968853038167d980f7fe40bb64c86100ea219040ab8ceb120421021e81fb1ec620d030f5e4300055045f2398408bf09eebbe11ad214840f5f7fef752b0df1f6816d6ec2a6e1b00ab09588e8002ad72dd1248dd7cbd204c4015625a36a24ba978fa079a66b923daeea801e88480022d733235445a900581024ac20b4f71c42fd0019de434002f087e45508196d96609a730ec0c000af2793216fd01cdc35afd826c06c06a024e21b040eb7c96100aa1028a30a307b6fb015d70ca515d77c6006421b040f39502937d69546c00040bc84a664c80548512630ce8802c250c40130416e801aeca869303815c705fba8f13fe807e68a28401e0e381bf4370811eb86109a4f880e61030e016f101cda4be84310574026bf493b21b00ab0958830003bdc05bb57066007015ee3b1751e617e88b35ce68bab30600db0181ae382d1238efdb86a0016788f269206d2dc5180246dcfee7aa01f8b3e07f1164a0278e5b42a8638b861036e010dc578e40fc81fe606dfeb36206c06a023622d0406f1c1126a04373980050b9f81f85f8037db2d1593d77c5004421d0408ff011c2a8160820fec0a044a96100fe24f811c1067a64bf2594da7bc3048047896ed1888e0983883102740a6bf29f1437005613b01601077a659f300111def5207ce0a1f81fc7933fd0376b5dd172570d4004020ef4ccce146102bc706e004ef683f8034310a1a601f8a3e07b041de899bd9630ead0bc0184d0c4e27f02e20ff40f6bf11f5533005613b00a81077a87177d756ad518826842f1c73e7f601056b9aae3ee188010041e1881739660eae6eb056134095dda34a55c883f300e219e30004f0bfe07c10746202fb51d2504e2ec0033d4f6e712d1e8f3c020b0063fadba01b09a8065680060146e2607506a682b08a541e91bd19a6ea604a0af0323b1cc1d0d77d700b446030023713fd98f46770a80601a8c91a24df345dba28f0383d1da9306a08ae0361a01188d25bd42290cdb040dc1ec9e21549cd406fd1a180dd6de2a1e33005613300c0d018c5a30082709ea172ef6b421251c7d19189561eeeab71c06a09ae0df680c60442e58da51523b1f08aacee8dad60b27fa0123c39a5bcde306c06a0236a1418051b99bec4f233bf9435875c2c0c8b674dd1288be0b8ccc2639b45b2e031080060146a638d99716f60aa3b0a65817a065b2e343a930c9177d16189d002d19802704f7d128c0e8ecb6844bc7c6426cb57794ef0e0bdef70353c05afb84660c80d5048c44c30053540e4c6d47bdb02e4033f01a0d6e13f44d601246caa5db721a80ea825fd138c01cf502fc6972b76008b0879914d78eeea7607f3f300dacb1d5356700ac2660071a0898099e76c661429e39cc672bb6f801f3b1434ecd96db0084a28180d9b86609a2cc18ec12508be11dfde92aeaf9037312aa6503f07b41111a0998916d96308a6ddd0422ade0423f14f6012686b5f5f79a3500a80c08cccead94001ad7250882adc453bf050bfd002aff69dd003c2ff8018d05ccccded430eae6eb05f176932e6d9a4a332be853c0e4b0a63eaf7903603501b3d060c0f41504530228a767187568de0062ee24ed9bd517b10b956288be0440db594a68b55206e075c12f683400789160204deb162c1d4e0371af18aeb438b67310e5615f3f00a5b096beae1b03603501ebd07000fc874ba94134b64b20ca09dba17ffb36741c07f800509e754ae9b49206a0111a0e80c7c9b584507a34b60d96121fd01c657c01b04f23dd1900ab093882c603c0367c5ced00f1d46b56e1e7024a2b92c2a80087f700608f234a6ab4d20600858100a8847d29a1640969611ae1efdca6092d490c938e5946fb03a05ee11fb50d009f1278038d0840c5f071c35b53c2a4e970a30a7f77ff66f4794a38e5a3763f008ec0daf9846e0d80d50424a12101708cc28909b43b7b2865740fa570832c161cd2b91ded9c35980a578f451b03e038494aebb31a06e08f826fd0980054ce834d93e8c1feb912d7364fa5c599bd283e507fb3025d7dbd68f6a038bab07ac2c3fb614a8645a19d01a81cd6cc3feade00a03c30000e8affa8d847c4f2a168eecba12fe7a7d3985e91d4debbbea66bf58f4dec40fbe70da762f19b6dddcb83c5c3d0d60054ce3035b4592d03f0ace06b342a0015b032cbb66896217fd72cda3767184defd7997a06f9785cf4f9f0a3c99668e93715ee995de9ef7fb0770e95f40d465b03601fd6ca670d6300ac26a03f1a16003b0c6e4f0fec3d355740defa49b4667c2a65760ba3281fe54b0e7710df31343698968e48a413cb46db7fd2af809259bdd1de00d8a7bf5abaaca601e0b500382a18005bd3ff0b063b2da4e56131ce5d398e364cea43d3fbc6d2e0d820eaeae7fa81449ddb36a1819d82685a9f585a3b218d4eaf1843457b73dcfe9d0f76cca012ec0400c016456abcfb57dd00584d402a1a188072e2df3b881e38327dee22f77766d3c53513e9c8a291b47de62049cc578c4ea6451909d22243fedf6bc7a749ffc67fc3b30a05bbb215fb3dd22cc0f878b43d008f93aaa626ab6d009e12dc47230350c600cc4c53546c35c9fa09687b001e85b5f129c31a00ab09484043036025c58f1e6c9f6e3e03c06444a3fd01f80f096aebb1270c4055c16d34360082093dcd29fefc1a606906da1f80df604dac6a780360350171687000dad2838d134d6b0078d74349ff50f4030084267a428b3d65009e145c43a3035393d9c9bce25fca9c7ee807c0ecb0163e691a03603501d16878605a92db4a0be14c6f00f6cca6920161e80fc0cc447b4a873d6900aa0872d1f8c09453ff539220fea56b01568e449f00668535b08ae90c80d50478a10300d3d137981eec9a05f12f6b02c6c4a15f0033e2e5490df6a801b09a8035e804c0542c4987e89767eb342ab104a06f0033b1c6d3faab0503505df02f7406600a467686d8db23a73ffa07300bac79d54d6f00ac26200b1d02181e8b3f3dd83205425fd1b6c0c1edd14f8019c8d282f66ac5003c232840a7008626bb0f44be32d68c453f014687b5ee191880474d402c3a06302c83c2e9c1de3910784716044ec04141c0d0c46a4577b564007e27388ece010cb9edeff32c88bb33c705f70e44bf01468435ee773000b64d404374106038c6f780a83bcbfcc1e837c08834d492e66aca00584dc072741260180646d0839dd8f3ef3cf3e9c1240bfa0f3012cbb5a6b75a34002f09be476701ba27c58f0a2f9fa7c2fb77a9e4f83a88baa36b008e6fa0c2fcfb5450504825195dd08f8011604d7b0906c03113d0071d06e89dc22fb752c1837f5af98e8aae9ca4075f2e80c8db13feaf1652d1d5dc3231fb2715debc462569edd09f80dee9a345add5aa01784270029d06e895e2e5d31f11b28782c64fb5a7be80e097a3f8f4762a282cb219b3a2dcc3e85340cfb0963d0103e09c09a82df8199d07e84efc27f7a5c2e26f6d8ad94351bb71811e1c5c82a7fe434bc553fea50a6325c56be70af42da04758c36a6b5567356b00ac26600c3a10d095f80f89a18282a24a054d9a0d28fa9a8acfee31ef53ffb97d5450fc8d43b12a28f98e8a168e411f037a638c963556eb06e029c1157422a00bd282a8f0fa15c704adac11b8739d4a0eaf34cf53ff9155e29e6f381fa7c20754323609fd0ce805d6aea76000dc3f32f8577426a069927da9e8f461a745ed3f4fb8df52d1c543f4e0c067c6157e716fc5170f5361c93f5c8e53e1dd3b543210e70500cdc39ae5a5757dd5bc01b09a801c7428a0658a76ae765dfccb0a9c41b70c169f582feeed9e3c31ca3b432529bee87740cbe4e8415bf562009e13e4a353014d8aff92c9b208dba35b064f1963cba0b4b5efb4ccf1f927151ddc86be07b40a6bd5733000f29a8060742ca039a6f6a5824a56fcbbfca4abf32d83c5a7b7daddda2707c5ab67a2ff012d12ac175dd58d01b09a80b5e85c40332bfea7f6130257ac98c0e976cbe0c1a5e2375f523c2e0525ffa0e235d9e88b404bacd593a6eacd00bc20284127031e17ff59c3a9a0e81be5454e675b068bcfee1571f95ab5b84833015b97a24f022dc0daf4020c80b22620001d0d7854fc178c9356edab29725adf32c85bfb8a6edff0484ca45992fd1bd13781a709d09b9eeace00584d40363a1bf0c882bfd573a4a2349e123aad6d19e4ad7d4597dcdbda279b0938b6573a8009fd1478806c3d6aa95e0dc01f0479e8744055f1dfbecae322f7c86cc03dcf6e192c392edfd63ed94cc0d9a354921a88fe0ad484b5e80f3000ea9a800f053fa1f301558afc1cdcae29a1f3e89641f15dfc9dda8c87304697cf52499f10f45ba006ac411fea5547756b00ac26a01f3a205014f13459987b58b362a7f696c192535bc57715693f1ed72f53c920540c048ad34fcf1aaa77035045b0079d1028429f602aba7456f362f7c814f87585b60c4a5bfb2eea2a1685b76f50c9f058f463a014ac3d5560003c6b02aa09be41670472529895488537aeea4af094da32c8d72a54796b9f6cdcbb47451352d0a781dcb0e654d3bb7eeade00584d40183a24908bdb9b96d1fde27fe853f064dc32c89fe56be83d0ef78bbfa35b5b57a36f0339093382761ac200584dc07c744ae0d62aff3ea174fdfc05dd0b9edb5b06796b9ff88ca76a1d28c58d0b17a8b87730fa3a7097f946d14d231980670417d139812bdc99d897ce9cbf46f925ff3496017072cb20ff0dffad1163c09c3d7799ee8f4e449f07aec21af30c0c80364d404dc177e8a4c0e1aa7e29fe94b771251d3e779b0e9fbf43176f151b56fc2adc32c85bfb2e9f92fec6a8f79f27da96dbf8c8f99b747df92cf47fe02cac2d358da49986320056131024f8159d1554c6fd91f174ea78ae240a65b959f08d814dc0e35b064b4e7e21fd3723dff3ad826fe9c88547dbf9fc977ba9a87f04c6027004d69420a3e9a5e10c80d50464a1c3828ab8b6720e1d3977f331f1678e5dba272d1c33b22032d7ce1da76b678f1bfe3eef977c47c7f3eed96eeb3357e9d6c2491813a032b28ca8954635005c1f603b3a2d786c7bdff0583a7bf8904d3128cb996b058617c6c1c3b3287de404c3dfe739d19695b5f7d94307a920230e6304d862bbdef7fb9bca00584dc05f04b7d07981f4ae3f3590ae6e5c4647cfdda8540c4ab972e7816145f1d8e90bf4b7bfbf412fbe5c934e9ecd33ee2cc7dd070eb737cf085ddebc928ad3da61cc80525843fe62549d34ac0128735ec08fe8c4e6e6e682f17422f792c342f050102edca13b85ff30a4300687c7d0f37f7d452222aaab21eff14ed13fe8e8853b4eb7fb89dccb7473e144e90c088c1f53f3a39eebfc9bde00584d402c3ab24917f98d49a233478f392d0065399997eff9e37f6566c59a4d0fc5bf94d51bb619ea1e793be7a9cbf7dd6afbd3c74fd1bdc97d3196cc4bacd1f5d1f006c06a0266a2339ba8a04fbf70bab463231d397fdb2d0128e5c2cd22e3ac86bf5f42b5eb347acc00d4a9db94ee147c6d98fbbc74b35896b63f2cfad085bddba86870478c2d7331d30cda681603505570089ddaf8dc583a5d5ad92d4ff2ff0f37ee1b636b60fac8f18f897f2923464f32c43ddeccff46f6f63f76f63a5d5bf31915a7f8619c191fd68aaa3000c632017f15dc44e73626f726f696a66ce54efc0f05e0e23dbaa7f3ad81bcd88f17fdd93300d55e7e934e9fbfa2fbbaffbc8d53a97e70f2d459ba377d18c69c71618df8ab5974d13406c06a02de127c8b4e6ea06d7d0323e9e29eadb24df75744ee957c5d8b232ff6b327fea57488eea6eb7b3c73b540f17ef05b11a1dd782d603c581bde3293269aca00584d80b7e027747603acee5f3c858e9ebda64ac22fe5f2ed125d0ae39a8ddb2a15ff52d66ddaa1cb7bbc72a744d5be70ecec55a90f622c1a02d6046fb3e9a1e90c80d504c4a0c3eb972bfda268d592e5aa26fb875b03cfdfa5db05fa3a258f17f77d54cfcb6103f0713d6fba5ba8af350f770ab9d4ef5d8ff489b52bd7d0f54131189bfa26c68c5a684a03603501e9e8f4fa63dda82114109d4419933ff348b297f689e7dda77c1d6d0d1c35768ac3e25fcaa8b153f5b3e5efc17774d2cd2d7fee306afa620aee6ca11d13333046f549ba5975d0b406c06a0216a1f3eb835b7dc368d09091d43ca4ab84270d80f40ef8863eb6069eb9708d5eaafeb6d306803fc39fd5c33df2364d4ff6053600dc277d42bbd1847193a9a05f18c6ac7e5864660d34bb01e0ed817b3108b4cdae91fd28b44bea43f1d7820160aedfd7febef9e8cef14e8b7f291d63e3357f7f3714d8f2e7aa0128252e75189d19d71f6357fbec35cb763f1800fb26e039c1450c06ed919fda8eb232478927abb84712ac560cc0d18b77e96eb1764b056fdcbadb65f12f65fd965d9abdbf7b22f6c72eded59c0160fc3a26d2aa99d3a938250063599b70ce7fceecfa677a03603501d505451814dae1f4d0eed4b167ffc712ab960c80542ef68a364f0dbc57f42dd56bd8dc6d0350b74173cd2e083c7d355f137dc096012865e8a829747b440f8c696dc1b9be3ab40f06a0ac09a823f80e83c3f3ac1f31907c3b24d84daa5a32004cdeed62cd89e3b84933dd16ff52c64cf85473f7c7db31b5d2fe15190026aae7403a3c7128c6b636e01c5f079a070360cb0434127c8f41e2a1237b05e3d3336d4ef96bd900f0f6b35b1ada1a78fef24d7aa5c6bbb21980975f7d87ce5cbcae99fbbb5df80d1dbe7057370680691d114f0bc68dc538f72c9cdb1b41eb60002a32012d04ffc2605197eba9a194903aa4d244aa4503206d0dbc748fee97684320bb744f924dfc4b89e9dc5333a7fc9dc8bba7a9b677c40094d27b4006ddb40463ccab0fe7f416d0381800474c40a0e0670c1a9516fb8de846b3e7af7038896ad10030e7ae177a5c20bfd8b99ffeef0bd5653700cca6ad7b3c3fbb71a35073edee8c0160b8afe76774c5d8570fcee581d0361800674c40a4e0170c1e65b9332b432ae73b63f146dd1b00e6dabd079e3b08a7e81fd4a8696b45c49fa9d7c8475a5ce8a9fbbb2e62abc53677d600705fe732c277a7635d800a700e8f84a6c100b86202e204bf621029c3b5b50be8c8f95b5212358a0190b6061679666be0e44f731413ff52c64e9ae1a15d0dff90626b1403f05b59e95b7475f567c805cac1b93b0e5a0603e08e09b06020c94c8a1f5ddab1f191246a1403f0dbd6c07ce95db59a0279f1ea1d7af5f5f7153700bcb8f05cde0dd5dffb9fba9cafd9f676d5003cdc45b273139524fb222fc88f051a06032087091882c124d34aff147f3abf6fd76349d4480680b9744bddad81e3a729fff4ff705be0a459aade5b9e88a596dbda5d03c05cd8b7538c0d3fe408f91802ed820190d3048cc5a07253fcd382e8dca12f6d2651a319802317eed0ad7c750ae8f016c4fda7ae52fd26ad15177ffe0efe2eb5eeed66feb7522c8d6e00a445a407bf94c6087285db8c8566c100c0046888a27e6174e6e831bb49d4680680397ee92edd2f56fed4c053d693f0b6ec3f4d35dff95831f1e76bf377f0779d944e44547851a388ddf14bf734dfce72190086c748515f1c2604f18701c0eb00835038288a4e9fccad30891ad100306715de1a78f5eea32be397acdb452fbef4a6ece2cfd7e46b97fdaecb7794ddf170ee5a812eda584e0320ad2139715a8c9948e40e4cfbc3006878612076073840c1f02e74f2d4f94a93a8510d00c322add413b2ad95f113662e96b516005f8baf696bc7c33d856638ca1b1b3319006986458c9982e19d91431c5fed8f057f3000aa6f11449d808a0afc64f5a213b9971d4aa2463600fc0efb8e025b03cfdf28b2fb9d29fd47c86600f85af6be870bf3c87d5f1caba317ee98da0048af90cee451fea878e492caf7f963ab1f0c80c78a05a162a00dee8f4ea26367ae3a9c448d6c00a427bacbfccefc3b19ebe17f5be97706b7efeab6f8f3352afb1e39cf41e01895ae6930bb0160780c158c8409a8a0c21f8afcc00078bc6c30ce0e28f7e4ef8cf89bc10030176f16c9bef0af220e9cba460d9ab67159fcf9b37c0d47cc8d6cf50c6e16ebae5d953400d23913b997a870680c72cbe3b5fd51de170640330708e1144149fc13e8f8d92b4e2751331800e646fed7aabe1f977606bcfd91f32bfec5674a57fc3bb6cea144862d7f5febb24d953600cca99367a868400484ff3fa7fae1601f1800cd1d25fc9da917fca577a11367f25c4aa2663100c72ede736b6b207f96afe1cc774e9bbbd26903c09f71b604b2bbf775fce23d18800ac83d769c8a7bb733bbf87f87237d6100b46a02ea088a4cb9d56f60078756fb9bdd00487bbdaf16b82c94175c380d6fd1da9d4e1b00fe8cb3dfc38b125dbd2f8e895edb532d03f0b05890792b06726ead03ad8101d0b209a82eb868aa0a7f7d4228f7c469b792a8990c0073e54e894b0bff5ca98a37e3b3cf9d3600fc1957ee8b7fa3b3f7c5b1d0735baa6900a4b5247bb79b51fc39a75687c6c000e8c1043c27d86b96837dce1e3ee47612359b013872feaed36279ea8a6b07e2644d99ebb401e0cfb8761092730b02ef48a6e62e0c80935cdebad64ce2cfb9f439680b0c809e4c4055c122a30fcebc5d5b6449a26633000fcbe93e70ecbdf935370ae30ccc98e8b401e0cf285df888effda4ceb6fc69c50048715ebbc00ce2cf39b42a34050640af4620dda883f3fa1af944d88c06c0d1f7e6f74b9c5ff8579684b4614e1b00fe8cd20b1d5d59cf0003f02837977c6a64f14f8786c00018c104c4087e32d2e0bc3d77341d397f1b064006aedfaf786be0859b456e5d3f3a2ec56903c09f71e73b2f5452f3e0c6fdaf0dd37e9e34003c066fcfc9329af073ae8c8176c00018c904780bbe354495bf096974f4dc0d5993a8990dc06f35f5ff51c13b72f7ae1f18d6c96903c09f71b7fcf16d3b1502f95e8f5dbc0b03209709387793ee4e1d6014f1e71ce90dcd800130a209784b7053d7dbfd86c5babcd71f06a0823dde57f36d8ae5691717fe95c5bb653ba70d007fc6ddef3d7dd9f63df1bd1aa9ed3c6d007e3b37e032150d8ed2bbf8736e7c0b5a0103606413f057c1215d6ef7ebddaed2637d6100dc58d97dfbd1ad8157efc9334d5ea79eb7d306803f23cb42b57b8fbedee07b345abb69c10048474f1f3e4c25c9be7a157fce897f8546c000986587c04cb3aef88701b0c385bb0fa7cdef97fc53b6ca78afbff5a1d306803f23cb93292f082c297380d185bb30000a1900a9bec4c6a57a14ff9958e90f03604623102bf851178bfee68c523489c2005805f3d23dca2ff9a77470905cd77ce1c51a4e1b00fe8c5cdfcf0b02f99ef8de8cd8665a3200bc28f0eea783f522fc9cfb62a10530006636011f0a6e6979a0160d8d76fa743f180037d6035cc997ad38ceaea3975c3e0d903f2b8b28897bc9bd926fd8f6d29201f86d3dc0152a1adc51ebe2cf39ef4368000c004c4052dbbf08b66b75b09e3d7450f1240a03a00ceb761c76d900f0671143fd198087eb01b47b6600e7babf20f7c30080ff98802a822cc1af5a1aacd756e7a8924461009461c1e7db5c3600fc59c4509f06405a0fb06189d684ff576b8eab829c0f03006c1b8120ad1c2b7c7f7492b4c7180640bf7c3a6fa5cb06803f8b18ead7001c397f4b4beb0138a70521c7c30080ca4d404d4f9f28589c1a48a74e9e552d89c20028244e93725c3600fc59c450bf06a0b43e40e1208fd707e05c5613b91d0600386e029e11ccf7d896bf1deb554da23000cad07ff878970d007f1631d4b70160ce1c3ee4c9f5009cc39e414e870100ae198130c1376a0eda3bd9992271dc860130003d5387b86c00f8b388a1fe0d8087ea0370ce0a430e870100ee9b806a823daa94fa1dd8419a36543b41c1002843549724970d007f1631348601e0f500f727f6564bfc39575543ee860100f2ee12e8a7f4a98267bf3ae091240a03a00cfe21312e1b00fe2c62680c0320d59738714ae957013f59731456f9c30000050b07e52931806facc8f6581285015086a63e012e1b00fe2c62681c03201d3dbd72b652e29f87c23e3000401d13f00741b69c03383f2b41f6237e61003ccf071f3775d900f06711436319806367af2b51259073d11f909b610080ba46204050e2f6004ef1a3d3c74f793489c20028438d9ab55d3600fc59c4d05806403a9b61ff4eb9849f734f0072310c00f09c097841b0d69d81ccd3829e4ea23000f273e8dc6dfaefff57c36503c09fe56b2096c63200ccdde96e1708e29cf30272300c00d086110816e43b7dd04fff083a76f61a0c8001d979e482cbe25f0a5f03b1349e013879ea1c15a704b822fc9c63829173610080f64cc073821c67ce13b8b46bb32692280c80fcacd976c86d03c0d7402c8d670098ab1b163b5bc79f73cb73c8b5300040db46c04b70a5d25affe352a4fdc13000c664feaa2fdc36007c0dc4d298068017fd16a4777544fc39977821b7c20000fd9880a70463043fdb1bd8678e1ed34c128501909fa9392bdc36007c0dc4d29806403a36f8e0818a84ff676b0e790a39150600e8d308d4169c283fb86f2e98a8a9240a03203f232664bb6d00f81a88a5710d00733b27cb96f873cea88d1c0a0300f46f029e10f4117c2f9df4d73b988ee7e6c100189cbec3c6ba6d00f81a88a5b10dc089dc4b524eb00afff7d65cf10472270c003096117849b0fceafa459a4ba23000f2139f32c86d03c0d7402c8d6d00a4c38236af64f15fce3902b91206001898eb1b178d3a75eacc2f3000c6263236d16d03c0d7402c8d6d0038175cdbb8280bb911060098845b9f673f7165c7bafdc7ce5e850130287ec11ddd36007c0dc4d2980680c73ee700ce05c8893000c084dc5c93f3eac5fd3bee1d39770b06c060346eeeefb601e06b2096c632003cd679ccf3d8470e840100e0bf6eac9f1f71f6c8e11f61008c43ad3a4ddc36007c0dc4d2380680c7388f75e43c0003001ee3da9665d34f9d3af70b0c80fe79f5f55a6e1b00be0662a97f03c0639ac736721c80010095ad0fa87a65c7da3d27722ffd0a03a04f0e9ebd45fffdff5e75db00f035f85a88a93e0d008f611ecb3ca691db000c0070dc08acce7ee6f2cef5878e9fb90c03a033b61f3ce7b6f897c2d7424cf5650078ccf2d8e5318c5c06600080eb0b0557cffe3f97776d3c71fccc1518009df0f9d6af6433007c2dc4541f0680c7288f551eb3c85d000600c86904fe9ab77bf33925b60ec200c8cb672bb6c86600f85a88a9b60d008f491e9b3c4691ab000c005070ebe09c57f2f67c9177ecec7518008d3279f632d90c005f0b31d5a601e031c86391c72472138001006ad61078f3d2be6d378eca60046000e42573fc4cd90c005f0b31d59601e031c7638fc72072118001001e9d11b8bc6bd3e913b979bfc2006883de43c6c86600f85a88a9360c008f311e6b78e2073000406bdb079fbeba6df5c6d32773ff0d03e059ba270d90cd00f0b51053cf1a001e533cb6788c21d7001800a0ed82429b974e3c7bf4c88f87cfdf8601f00011313d6533007c2dc4d41306e036f118e2b1849c026000800e4b0c2f88bdf0d5be6f8e9cbb0903a0226d02236533007c2dc4543d03c06385c70c8f1de410000300f4bf4e60edbcbabc68c9de164218007969e4ed2b9b01e06b21a6ca1b001e1bd2c23e31569033000c00306275c13ff3bbccdce3277e8201508ef7eb3492cd00f0b51053e50c008f05e9fdbe181bc81100060098e604c28bfb77dce5ea653000f2f24a8df76433007c2dc4545e03c07d9efb3e4ee6033000c0f4bb070e2cff6c7362df8c5f5a84c5c100b8c957676ed2ff7da1ba6c0680afc5d7446cdd3300dcb7b98f735fc76a7e0003004039d64f9fd8696cd6f86f42baa4c200b8c8b6afceca26fea5f035115bd70c00f765eed3dcb731c6010c000095b07dc6f8a7164e99b4abcfa0913fb789ec0903e0042bb71c90dd00f035115bc70d00f759eebbdc87b92f634c031800005ce08be9e35f9d3779e2b1b48123feddba7d3c0c4025cc5db6497603c0d7446c2b3600dc37b98f725fe53e8bb10b60000090d30ccc18ff76cea489a7e7cd5bf4d39173b720403698386bb1ec0680af89d8dadab37f8b162c58f213f749ee9b18a30006000055ce20c879fdcaf6b53bcf1c3dfaaf23e761064a193e6686ec0680af89d85a455ff435ee73dcf7b80f622c021800003c6b06debeb263edbeb3470eff78f4dc0d530b54daa051b21b00bea69963ca7d8afb16f731ee6b1873000600006d161b7ae6da9665532eeedf71efd4a973bf984dace212fbcb6e00f89a668b23f71dee43dc97b84f616c01180000f4567068ddbc66fce476eef0c1ef8f9dbd6e78e10a8fee21bb01e06b1a3d6edc37b88f705fe13e83b1036000003056d1a1aad7372dc9bab46ffbadd327cffce2e869857aa27540a4ec0680af693cd1bf4ddc07b82f709fe0be81310260000030cfda8137af7eb162be1081dbb9c74ffe5cd9a9857aa041d336b21b00bea6fe57ecdf246e636e6b6e736e7b8c010003000078b87e403c0da6e7edde7cf6ec91c33fd83bbd50cbbc5bbb81ec0680afa9bf29fdabbc70ef076e4b6e53bcc70700060000e7d610ac5f107565c7dabde70feefff6e4e9f3bf1ed1f86b83975e7d5b7603c0d7d4f6d6bcdbc46dc36dc46dc56d86be0b000c0000f2be36583dfbff5cdfb8a88f109a3d170fec2a3873ecf8ff1e3fa38d99822f736fca2efea5f0b5b5708f1c6b8e39c79edb80db82db047d13001800003c630cd6ceab7b6dcbf25979bb379d397ff0c03f4e9d3af38bda6b0ab6ec3fad9801e06babfdce9e63c8b1e498726c39c6e86b00c00000a08b5d0737d6cf0fbdb665d9f42b3bd61de015e7e70e7df93fa74f9cfa99cf84977b17c28a4dfb1533007c6db957e1730c38161c138e0dc78863c531c3aa7c0060000030f4eb047e5f2d9e6e732eef5c7fe8e2fe1d77cf1d3ef8fff16a752e44c302e9cc2cc29ca51b1433007c6d679edef9b7f33df0bdf03df1bdf13df2bdf23d63da1e0018000040a54661cedf6eacfbcc97df77f354f8956dab375fdeb5e1d8a5bd5baf5d38b0bb483c41ff9357bc2f9dbff0a756ad027e6dd6bcedaf8d9bb6fcb55ec3e654e79326f4fe070de8edf73ea1d7defc805eaef12ebdf8524dfaeffff7aa04ff6ffe6ffc6ffc37fcb7fc19fe2c5f83afc5d7e46bf377f077f177f277f36fe0dfc2bf897f1bff46fead683300b4cfff0f0ce45928b06cd11f0000000049454e44ae426082, '12345678A', 'Admin', 'Super', '2023-05-09', 'admin@mail.com', 'Wb4sPX/RiDOEUTxBePdn9u7s9z0Sw9W+v6QBlOzveoA=', '', 1);
INSERT INTO `treballador` (`id_treballador`, `avatar`, `dni`, `nom`, `cognom`, `data_naix`, `email`, `password`, `num_seg_social`, `isAdmin`) VALUES
(32, 0x6e756c6c, '41531693H', 'Eduard', 'Pujadas', '2002-01-11', 'edu@mail.com', 'Wb4sPX/RiDOEUTxBePdn9u7s9z0Sw9W+v6QBlOzveoA=', '1234', 0);

-- --------------------------------------------------------

--
-- Estructura de tabla para la tabla `usuari`
--

CREATE TABLE `usuari` (
  `id_usuari` int(11) NOT NULL,
  `dni` varchar(9) NOT NULL,
  `avatar` blob DEFAULT NULL,
  `nom` varchar(255) NOT NULL,
  `cognom` varchar(255) NOT NULL,
  `data_naix` date NOT NULL,
  `email` varchar(255) NOT NULL,
  `password` varchar(255) NOT NULL
) ENGINE=InnoDB DEFAULT CHARSET=utf8mb4 COLLATE=utf8mb4_general_ci;

--
-- Volcado de datos para la tabla `usuari`
--

INSERT INTO `usuari` (`id_usuari`, `dni`, `avatar`, `nom`, `cognom`, `data_naix`, `email`, `password`) VALUES
(12, '41531693H', 0x6e756c6c, 'Eduard', 'Pujadas', '2002-01-11', 'edu@mail.com', 'Wb4sPX/RiDOEUTxBePdn9u7s9z0Sw9W+v6QBlOzveoA='),
(14, '12345678Z', 0x6e756c6c, 'Joan', 'Estrada', '2023-05-17', 'joan@mail.com', 'A6xnQhbz4Vx2HuGl4lXwZ5U2I8iziLRFnhP5eNfIRvQ=');

--
-- Índices para tablas volcadas
--

--
-- Indices de la tabla `autor`
--
ALTER TABLE `autor`
  ADD PRIMARY KEY (`id_autor`);

--
-- Indices de la tabla `editorial`
--
ALTER TABLE `editorial`
  ADD PRIMARY KEY (`id_editorial`);

--
-- Indices de la tabla `estat`
--
ALTER TABLE `estat`
  ADD PRIMARY KEY (`id_estat`);

--
-- Indices de la tabla `genere`
--
ALTER TABLE `genere`
  ADD PRIMARY KEY (`id_genere`);

--
-- Indices de la tabla `idioma`
--
ALTER TABLE `idioma`
  ADD PRIMARY KEY (`id_idioma`);

--
-- Indices de la tabla `llibre`
--
ALTER TABLE `llibre`
  ADD PRIMARY KEY (`ISBN`),
  ADD KEY `editorial_FK` (`id_editor`),
  ADD KEY `idioma_fk` (`id_idioma`),
  ADD KEY `genere_fk` (`id_genere`),
  ADD KEY `autorFK` (`id_autor`);

--
-- Indices de la tabla `reserva`
--
ALTER TABLE `reserva`
  ADD PRIMARY KEY (`id_prestec`),
  ADD KEY `llibre_fk` (`ISBN`),
  ADD KEY `usuari_fk` (`id_usuari`),
  ADD KEY `treballador_fk` (`id_treballador`),
  ADD KEY `estat_fk` (`id_estat`);

--
-- Indices de la tabla `treballador`
--
ALTER TABLE `treballador`
  ADD PRIMARY KEY (`id_treballador`),
  ADD UNIQUE KEY `dni` (`dni`,`email`);

--
-- Indices de la tabla `usuari`
--
ALTER TABLE `usuari`
  ADD PRIMARY KEY (`id_usuari`),
  ADD UNIQUE KEY `email` (`email`),
  ADD UNIQUE KEY `dni` (`dni`);

--
-- AUTO_INCREMENT de las tablas volcadas
--

--
-- AUTO_INCREMENT de la tabla `autor`
--
ALTER TABLE `autor`
  MODIFY `id_autor` int(11) NOT NULL AUTO_INCREMENT, AUTO_INCREMENT=14;

--
-- AUTO_INCREMENT de la tabla `editorial`
--
ALTER TABLE `editorial`
  MODIFY `id_editorial` int(11) NOT NULL AUTO_INCREMENT, AUTO_INCREMENT=7;

--
-- AUTO_INCREMENT de la tabla `estat`
--
ALTER TABLE `estat`
  MODIFY `id_estat` int(11) NOT NULL AUTO_INCREMENT, AUTO_INCREMENT=8;

--
-- AUTO_INCREMENT de la tabla `genere`
--
ALTER TABLE `genere`
  MODIFY `id_genere` int(11) NOT NULL AUTO_INCREMENT, AUTO_INCREMENT=9;

--
-- AUTO_INCREMENT de la tabla `idioma`
--
ALTER TABLE `idioma`
  MODIFY `id_idioma` int(11) NOT NULL AUTO_INCREMENT, AUTO_INCREMENT=11;

--
-- AUTO_INCREMENT de la tabla `reserva`
--
ALTER TABLE `reserva`
  MODIFY `id_prestec` int(11) NOT NULL AUTO_INCREMENT, AUTO_INCREMENT=20;

--
-- AUTO_INCREMENT de la tabla `treballador`
--
ALTER TABLE `treballador`
  MODIFY `id_treballador` int(11) NOT NULL AUTO_INCREMENT, AUTO_INCREMENT=33;

--
-- AUTO_INCREMENT de la tabla `usuari`
--
ALTER TABLE `usuari`
  MODIFY `id_usuari` int(11) NOT NULL AUTO_INCREMENT, AUTO_INCREMENT=15;

--
-- Restricciones para tablas volcadas
--

--
-- Filtros para la tabla `llibre`
--
ALTER TABLE `llibre`
  ADD CONSTRAINT `autorFK` FOREIGN KEY (`id_autor`) REFERENCES `autor` (`id_autor`),
  ADD CONSTRAINT `editorial_fk` FOREIGN KEY (`id_editor`) REFERENCES `editorial` (`id_editorial`),
  ADD CONSTRAINT `genere_fk` FOREIGN KEY (`id_genere`) REFERENCES `genere` (`id_genere`),
  ADD CONSTRAINT `idioma_fk` FOREIGN KEY (`id_idioma`) REFERENCES `idioma` (`id_idioma`);

--
-- Filtros para la tabla `reserva`
--
ALTER TABLE `reserva`
  ADD CONSTRAINT `estat_fk` FOREIGN KEY (`id_estat`) REFERENCES `estat` (`id_estat`),
  ADD CONSTRAINT `llibre_fk` FOREIGN KEY (`ISBN`) REFERENCES `llibre` (`ISBN`),
  ADD CONSTRAINT `treballador_fk` FOREIGN KEY (`id_treballador`) REFERENCES `treballador` (`id_treballador`),
  ADD CONSTRAINT `usuari_fk` FOREIGN KEY (`id_usuari`) REFERENCES `usuari` (`id_usuari`);
COMMIT;

/*!40101 SET CHARACTER_SET_CLIENT=@OLD_CHARACTER_SET_CLIENT */;
/*!40101 SET CHARACTER_SET_RESULTS=@OLD_CHARACTER_SET_RESULTS */;
/*!40101 SET COLLATION_CONNECTION=@OLD_COLLATION_CONNECTION */;
